{"stats":{"minecraft:killed_by":{"minecraft:slime":1},"minecraft:killed":{"minecraft:sheep":1,"minecraft:slime":1},"minecraft:used":{"minecraft:sticky_piston":1,"minecraft:iron_ore":19,"minecraft:dark_oak_log":5,"minecraft:grass_block":22,"loopmod:testblock":7,"minecraft:gold_ore":18,"minecraft:dirt":75,"minecraft:oak_wood":1,"minecraft:stripped_oak_log":5,"minecraft:stripped_spruce_log":3},"minecraft:picked_up":{"minecraft:stripped_oak_log":192,"loopmod:testblock":65,"minecraft:birch_planks":128,"minecraft:stripped_spruce_wood":64,"minecraft:stripped_spruce_log":192,"minecraft:grass_block":75,"minecraft:dark_oak_log":128,"minecraft:dirt":137,"minecraft:coal_ore":64,"minecraft:polished_diorite":64,"minecraft:spruce_planks":64,"minecraft:iron_ore":64,"minecraft:stripped_oak_wood":128,"minecraft:mutton":1,"minecraft:white_wool":1},"minecraft:mined":{"minecraft:grass_block":46,"minecraft:dirt":34},"minecraft:custom":{"minecraft:time_since_rest":66536,"minecraft:damage_taken":360,"minecraft:sprint_one_cm":7656,"minecraft:walk_one_cm":57992,"minecraft:mob_kills":2,"minecraft:drop":49,"minecraft:damage_dealt":436,"minecraft:fly_one_cm":24019,"minecraft:crouch_one_cm":55,"minecraft:play_one_minute":67688,"minecraft:deaths":1,"minecraft:sneak_time":142,"minecraft:jump":66,"minecraft:leave_game":21,"minecraft:time_since_death":66511},"minecraft:dropped":{"minecraft:polished_diorite":64,"minecraft:dirt":59,"minecraft:stripped_spruce_log":193,"minecraft:birch_planks":128,"minecraft:dark_oak_log":128,"minecraft:spruce_planks":64,"minecraft:coal_ore":64,"loopmod:testblock":65,"minecraft:stripped_oak_log":193,"minecraft:stripped_oak_wood":128,"minecraft:stripped_spruce_wood":64,"minecraft:grass_block":78}},"DataVersion":1976}